{
  "counts": {
    "1": 9872084,
    "2": 4152407,
    "3": 345858,
    "4": 1349467
  },
  "weights": [
    1.0,
    0.27865818402679715,
    0.6624921401009101,
    7.953949308675815,
    2.038535955306799
  ],
  "note": "semantic weights, foreground-only median frequency balancing"
}